id_cliente,nombre,apellido,email,telefono,direccion,id_localidad
1,Joseph,Glass,riverakayla@example.net,842-870-1295x60582,"50330 Johnston Orchard Apt. 787
Port Garyton, OK 69122",4
2,Marcus,Perkins,npeters@example.org,996.398.6148,"7256 Chang Orchard Apt. 829
Claytonville, ME 38745",1
3,Angela,Terry,jennifer39@example.org,997-351-3932x12896,"980 Lam Fall
Kevinmouth, TN 80939",5
4,William,Taylor,perkinskimberly@example.org,7896517661,"293 James Walk Suite 279
Lake Robertton, IN 45961",3
5,Olivia,Anderson,brianclark@example.net,993-898-2470x95175,"2241 Roberts Lodge Apt. 762
New David, NM 18725",4
6,Andrea,Wilson,fholt@example.net,(606)989-7333,"33063 Schmidt Trail
North Sharonhaven, MN 27259",5
7,Leslie,Lee,dawsonray@example.net,+1-878-815-4961,"170 Anderson Dale Apt. 295
West Jordanmouth, MA 78406",4
8,Alyssa,Campos,ayersdustin@example.org,346.949.7256x79006,"58421 Barry Spring
Port Joanne, VA 39437",5
9,Diane,Steele,qwalter@example.com,001-443-953-8665x232,"50034 Melinda Ridge
Martinborough, RI 90222",5
10,Benjamin,Bullock,kwilliams@example.org,599.575.3941x13945,"5725 Jessica Tunnel
Port Michael, MT 31095",3
11,Brady,Chandler,ehansen@example.com,370-241-3391x7588,"0920 Melissa Lodge
Port Jessica, IN 19131",5
12,James,Trevino,megan24@example.net,223.635.8830,"89476 Lisa Mills
New Kyleton, ID 13611",1
13,Colleen,Henderson,grahamjohn@example.com,(536)870-2757,"2189 Thomas Grove
Justintown, MP 23331",1
14,Sydney,Sherman,ftucker@example.org,8377130576,"62919 Johnson Circles Suite 784
Lynnhaven, MA 18251",3
15,Jeff,Miller,achapman@example.com,8463012260,"025 Elizabeth Tunnel
South Amandaville, IL 85187",5
16,Travis,Nelson,kevin01@example.org,503.734.3175,"8915 Nicholas Unions Apt. 296
Evansbury, VA 21826",5
17,Michael,Oconnor,eileenzuniga@example.org,001-983-592-1883x507,"44236 Maynard Spurs Apt. 380
Lake Kennethville, WI 85246",1
18,Raymond,Brown,wgreen@example.com,(373)801-8714x179,"573 Waller Cove
Aaronland, VT 94542",2
19,Monique,Wilson,daniellemccann@example.com,848.935.5011x150,"35211 Ronald Street Suite 969
North Kelly, AL 44078",4
20,Danielle,Villa,victoria56@example.org,3173540911,"35187 Debbie Lights Apt. 406
Andersonport, NV 15006",2
21,Eric,Strong,frobinson@example.org,224.207.0841x31451,"90428 Marshall Drive
Sharontown, PA 86160",5
22,Michelle,Vincent,maria06@example.net,+1-336-791-7499,"02527 Alicia Corners
Cookberg, WI 26137",1
23,Mark,Roberts,maria66@example.org,7182729751,"61910 Bowman Locks Suite 855
North Zacharybury, KY 92811",4
24,Alice,Silva,adkinsrita@example.net,442.679.8360x24049,"5209 Mckee Knoll Suite 243
North Drew, MS 20901",1
25,Alexander,Perry,valeriealexander@example.com,598.576.2148x60274,"7546 Larsen Keys
Nicolefurt, VA 97994",3
26,Eric,Brown,kennethriley@example.net,001-752-746-2250x4873,"80518 Melendez Hollow
South April, KS 41271",3
27,Marcus,Wilson,millerluis@example.com,001-491-789-4113x156,"USS Henry
FPO AE 65417",1
28,Susan,Gonzalez,rodrigueztamara@example.net,001-695-628-0777x7429,"16535 Anna Grove Apt. 061
Port Zachary, NE 12681",1
29,Julie,Kelley,matthewfox@example.org,(924)607-4686,"491 Gonzalez Mount Suite 173
Lake Darrell, SC 18484",3
30,Sherry,Morse,lmiddleton@example.org,001-665-790-7722x64962,"Unit 6266 Box 6222
DPO AE 10526",4
31,Larry,Collins,ryanamber@example.com,927.732.1169,"779 Miller Grove Apt. 770
Markside, NY 82105",1
32,Michael,Gonzalez,dgreer@example.net,891-783-0528x806,"5137 Gabrielle Overpass Suite 069
Phillipsbury, MP 43895",4
33,Joe,Lynch,ismith@example.net,461-664-2180,"Unit 8090 Box 9206
DPO AA 01767",3
34,Michael,Lewis,gsmith@example.com,(353)391-5601x08685,"9130 Felicia Fords Suite 417
Cherylport, FM 99073",1
35,Danielle,Wells,austin08@example.net,001-602-580-4927x645,"1880 Kristine Mission Suite 937
East Breannaside, DE 73054",4
36,David,Barnett,crobertson@example.net,758-761-9562x82785,"USS Jones
FPO AE 16120",3
37,Andrew,Holland,richardphillips@example.org,(297)372-2924x890,"980 Wong Burgs Apt. 858
East Claudia, NY 51215",2
38,Melanie,Terrell,mitchelljoshua@example.net,356-950-7218,"240 Smith Plaza Apt. 058
Adamtown, NH 47886",1
39,Tiffany,Brown,taylorjimmy@example.net,+1-397-951-7787,"30485 Flowers Squares
Nataliefort, TN 19202",5
40,Andrea,Wilson,tsosa@example.com,+1-464-219-4227x19294,"079 David Village Apt. 887
Shaunberg, MO 71024",1
41,Alexandra,Nguyen,lgeorge@example.net,(397)446-8363x0017,"414 Dennis Lakes
South Matthew, NE 04268",4
42,Ryan,Martin,angelasimpson@example.com,+1-746-941-0414x772,"10732 Hess Branch
Port Patriciabury, MH 53560",3
43,Sally,Johnson,hmartinez@example.net,420-289-8969,"91709 Bond Hills
New Cameron, RI 57777",2
44,Patricia,Manning,marcallen@example.org,418.732.0932,"7050 Smith Coves
West Alexisfurt, GA 86614",3
45,Kimberly,Fitzgerald,jacob07@example.com,311-938-7769x3656,"Unit 7253 Box 1085
DPO AA 93785",3
46,Andrew,Reed,sarahyoung@example.com,942.334.7402,"09523 Moore Mews Suite 434
South Andrewberg, OR 62981",3
47,Samuel,Kim,christian74@example.com,997-620-7671x20997,"47548 Danny Greens
South William, FM 63866",2
48,William,Richardson,steven19@example.com,3656234781,"221 Anna Crossing
Hollowayberg, AZ 71747",5
49,John,White,meyeralyssa@example.org,001-808-661-7243x8146,"6458 Carter Walks Suite 283
North Leslie, NE 17504",5
50,Brian,Shea,jeremiah77@example.net,001-224-989-7386x3643,"USCGC Case
FPO AE 27703",1
51,Gabriel,Petersen,sharon32@example.net,353-709-0702,"Unit 7557 Box 7823
DPO AE 81422",3
52,Anthony,Mercado,odavis@example.org,+1-742-327-0791x451,"1082 William Roads Suite 173
New Susanside, AR 75316",5
53,Stephen,Grant,harrisjacob@example.com,6666834406,"1536 Pamela Fields Apt. 596
Baileystad, MH 27179",5
54,Douglas,Davis,cturner@example.net,+1-595-854-1067x7891,"76187 Hansen Square Apt. 291
West Timothychester, GA 16507",2
55,Felicia,Mckay,ysmith@example.net,+1-216-462-1708,"2263 Samuel Radial
New Johnchester, CT 62149",1
56,Jeffery,Williams,cherylgomez@example.net,245.475.1787x42888,"35452 Denise Causeway Apt. 404
West Phyllis, MP 18875",3
57,Kristen,Rose,beckmichael@example.net,677-717-5563,"87586 Raymond Park
New Stephanie, OH 68189",2
58,Kevin,Hernandez,colleensolomon@example.com,459.592.9224x00311,"PSC 0361, Box 8271
APO AE 39255",3
59,Brandon,Heath,gregg62@example.org,427.507.4674,"Unit 4525 Box 1841
DPO AP 10283",1
60,Carrie,West,xweaver@example.org,001-323-229-2247x6215,"551 Kennedy Street Suite 132
Lake John, MT 89058",2
61,Sarah,Travis,clementsdavid@example.net,001-997-631-9711,"668 Stephen Circle Apt. 635
New Christopher, NH 16839",2
62,Lisa,Frazier,nashshawn@example.org,+1-311-781-2639x69967,"641 Ann Village
Castillofurt, NJ 33459",4
63,Deborah,Garcia,thomaswendy@example.org,+1-560-248-0354x286,"9184 Lauren Rue
Thomasland, MD 86468",1
64,Samantha,Bishop,fhunter@example.net,+1-549-386-7311x067,"745 William Ville
Kristenport, HI 91827",1
65,John,Townsend,ngraham@example.org,239.821.1573x075,"22890 Reyes Extensions
North Garyport, AK 10027",5
66,Megan,Guzman,vknight@example.org,(475)274-9813x29282,"7040 William Key
Katelynside, VT 13977",3
67,Nancy,Cantrell,austinchavez@example.org,272.776.1167x087,"82922 Sanders Groves
Jocelynview, NY 10341",1
68,Justin,Castro,karlrodriguez@example.net,519.250.0105x3757,"540 Lee Crescent
North Joseph, NE 80674",3
69,Penny,Johnson,bwalker@example.org,4838467881,"04307 Jocelyn Key Suite 536
West Robertton, SC 21500",1
70,Jason,Williams,kennedyjoshua@example.net,(564)818-4915x18038,"486 Melissa Rue Apt. 217
Port Omarville, IA 18454",4
71,Elizabeth,Wilcox,soniabruce@example.com,551.578.5047x544,"22695 Sabrina Avenue Suite 896
North Saramouth, IL 92842",1
72,Shelby,White,julia76@example.org,(482)542-1624x7760,"75291 Rhonda Court Apt. 231
Rodriguezfort, MD 15469",3
73,Debra,Anderson,vwright@example.org,480-320-1712x865,"8308 Stephanie Club
Osbornestad, IN 69558",2
74,Carlos,Medina,mwhite@example.com,(694)465-7753,"86812 Bauer Haven
North Johnville, AZ 69136",3
75,Misty,Thomas,sarahlittle@example.org,428.547.9985,"68811 Marie Glen Apt. 700
Kentport, WA 35464",1
76,Renee,Baker,isheppard@example.com,293-859-6938,"7294 Ebony Knoll
Lake Nicholasland, AR 17336",3
77,Jerry,Dominguez,goodmanstephen@example.org,688.376.8078x748,"32946 Dennis Ways Apt. 205
Samanthamouth, CO 18358",4
78,Gloria,Scott,ocooper@example.com,(612)765-1844,"6335 Lopez Village Apt. 170
New Annetown, FL 94709",1
79,Heather,Rowland,brandon00@example.net,665.499.6457x41905,"71335 Taylor Shore
Kellychester, IL 48528",2
80,Marvin,Smith,sonyachaney@example.org,+1-395-212-3276,"41503 Rodriguez Inlet
West Sheilafort, OH 54199",1
81,Amanda,Thomas,mike95@example.com,(342)732-4775x56446,"4517 Schneider Brook Apt. 703
North Christinaland, HI 21324",2
82,Alexandra,Sandoval,teresawebb@example.org,+1-971-817-6617x5990,"2753 Hill Estates Apt. 726
South April, GU 07601",5
83,Amanda,Norman,catherine92@example.org,(399)608-8449,"550 Kayla Islands
Moorefurt, KY 70866",3
84,Kimberly,Roach,susan81@example.com,+1-622-507-1139x02944,"2937 Samuel Glens Apt. 453
New Shawnton, WY 06132",5
85,Christopher,Mahoney,petersonanthony@example.org,470-272-1376,"57263 Jerry Roads Apt. 992
North Sarahstad, TN 71591",5
86,Shane,Jimenez,deborah35@example.org,001-862-449-0342x112,"990 Christopher Groves Apt. 152
Shelbymouth, MA 77900",5
87,Michael,Perry,gregory19@example.net,(487)536-7682x265,"1842 Denise Hills
East Scott, GA 18793",1
88,Erin,Ramos,jerry17@example.net,925.986.2437,"901 Joel Crest Suite 745
Flowersshire, ID 91465",2
89,Diane,Murphy,stephanie29@example.net,(681)863-0280x4058,"0826 Benjamin Inlet Apt. 029
Port Johnny, AS 15294",1
90,Debra,Lewis,greenejanet@example.org,446-419-8568x5515,"60199 Morgan Vista Suite 875
New Christopherport, OR 22651",5
91,Valerie,Mora,anita08@example.net,785.804.1140x7377,"82185 Rosario View
Justinport, IL 96005",4
92,Jenna,Key,ahernandez@example.net,001-828-654-2605,"578 Hogan Cape Apt. 905
New Keithmouth, NY 55717",5
93,Anna,Blair,kimberlymorton@example.net,(258)586-2153x1475,"278 Salazar Loaf
South Stevenview, IN 90868",4
94,Shane,Bolton,hansencassandra@example.org,001-376-448-3772x8801,"3474 Brian Station
Nicholasstad, NM 69916",2
95,Joseph,Guerrero,reginavargas@example.com,001-774-231-6409,"5154 Jonathan Parkway
Nicolehaven, MA 90013",1
96,Elizabeth,Dennis,rrocha@example.net,560.934.5996,"453 Meyer Loaf Apt. 210
Zacharyhaven, MH 91211",2
97,Chad,Roach,sandrawallace@example.net,259-422-2306x52734,"751 Martin Crest Apt. 429
Coopershire, GU 90293",3
98,Jennifer,Gonzales,shaun92@example.org,+1-579-803-4941,"093 Williams Circle Apt. 448
Smithland, RI 19170",4
99,Mark,Romero,landrykatherine@example.net,001-759-297-7178x826,"86441 Dominic Extension
North Haley, PW 17797",5
100,Madison,Graham,rsmith@example.net,573.739.0960x0073,"9993 Wilson Well
Smithside, MI 50303",3
101,Johnny,King,robert70@example.org,001-762-879-3717,"6224 Darrell Glen Suite 089
Markfort, CO 80547",5
102,Heather,Glover,dominguezjohn@example.com,(216)741-9685x24197,"1840 Roberts Roads Apt. 427
Joshuaborough, OK 99266",2
103,Sophia,Donovan,dickersonkelly@example.net,311.482.4545x44856,"5729 Rachel Groves Apt. 834
Thompsonberg, CO 92269",4
104,Candice,Boyd,vsantos@example.net,671-990-8040x7061,"01854 Hernandez Plains
Port Carlos, AS 30498",5
105,Carrie,Myers,uhutchinson@example.org,(210)907-9345x342,"56190 Norman Row
Paulastad, MT 31676",3
106,Debra,Joseph,atkinsonalicia@example.net,+1-778-420-7869x086,"USNS Boone
FPO AA 73948",3
107,Joshua,Kirby,shannon78@example.org,5684798128,"45712 Fuller Tunnel Suite 015
Danielburgh, AS 47743",2
108,David,Wilson,amandawilliams@example.net,(620)550-5478x5784,"1007 Beverly Mountains Suite 553
North Tiffanystad, PW 76358",5
109,James,Roberts,richardware@example.net,666.411.9403,"44553 Virginia Ford Apt. 496
Johnsonview, OH 53972",5
110,Christopher,Hudson,esalazar@example.org,792.666.2742x540,"57081 Fields Plaza
Lake Scott, MN 10902",2
111,Christopher,Guerra,swoods@example.net,427.560.2691x12343,"87269 Wilcox Mission
Lake Jeffreymouth, NV 19605",5
112,Anthony,Reynolds,valentinelisa@example.org,001-542-375-4259x9313,"60473 Douglas Wells
Hughesburgh, ND 35762",3
113,William,Thomas,gomezlisa@example.net,+1-425-500-5208,"9225 Nicole Cove
North Adam, NM 28858",5
114,Regina,Mckinney,tatemaria@example.org,(893)533-2047x06830,"9265 Melissa Plaza Apt. 225
Briannachester, OK 64093",3
115,Elizabeth,Kaufman,dhudson@example.org,001-491-762-6727x832,"1794 Harrison Lights
Woodardberg, IN 36502",1
116,Omar,Nicholson,hrasmussen@example.com,+1-730-615-0424x7982,"463 Frank Trail Apt. 831
North Amandaland, MP 42336",3
117,David,Aguirre,nathan44@example.net,591-432-8610,"1545 Jessica Bypass Suite 948
South Joseph, MO 31948",2
118,Nancy,Thomas,michael01@example.net,698.664.6699,"4852 Pope Ridge Apt. 772
Chapmanburgh, NC 21422",4
119,Stephen,Sanchez,janet16@example.net,554-603-5967,"USNV Gomez
FPO AA 37213",3
120,Angie,Gutierrez,bretthoffman@example.net,+1-569-765-2395x435,"05908 Michelle Circles
Desireestad, OK 79082",2
121,Valerie,Garza,lori02@example.net,742-386-4713x0140,"74997 Justin Brooks
East Tamara, MA 33370",3
122,Scott,Ellison,bconway@example.net,837.615.8370x7656,"USCGC Baker
FPO AA 19609",4
123,Melanie,Warner,wyattlinda@example.net,5368936752,"USS Joseph
FPO AA 05480",1
124,Jasmine,Wilkins,mitchellperry@example.com,001-745-536-0168x28322,"46000 Cook Run
Lake Melissa, ND 58539",5
125,Lisa,Brooks,yhansen@example.org,721-850-1763x147,"008 Jeffery Manors Suite 650
Shawnview, PR 16427",2
126,Elizabeth,Miller,oponce@example.com,3083418675,"0593 Sherry Mission
Port Danielberg, NY 94952",4
127,Marissa,Spears,jreyes@example.com,(279)454-7735x1588,"5780 Mercado Square
Hensleyhaven, TN 34821",2
128,Paul,Mack,williamdavis@example.org,(463)439-6259,"604 Gilbert Fords
North Williamfort, AZ 59124",3
129,Rhonda,Bush,rsexton@example.org,402-384-2824x26782,"079 David Junctions
South Robert, GA 89949",5
130,Denise,Mueller,callen@example.org,(409)491-2612x070,"08074 Young Row
Debramouth, VT 25352",3
131,Annette,Perez,vasquezbeth@example.org,+1-361-622-6304x0746,"804 Christopher Shores Suite 006
South Jesus, NJ 33211",2
132,John,Bailey,uhutchinson@example.net,786.926.2111x170,"199 Julian Roads
East Tammy, WA 48865",5
133,Rachel,Lewis,jason67@example.net,890-550-3303,"9910 Wu Villages
Hoganshire, CA 23664",4
134,Shelly,Dunn,ataylor@example.org,984.782.5738,"3233 Norma Stravenue Apt. 852
Stephenstad, NJ 28966",4
135,Michael,Todd,debbie18@example.net,(814)529-5957x603,"91746 Griffin Bypass
West Johnport, IN 18503",2
136,Stephen,Webb,tranchristopher@example.com,485.535.0791x385,"858 Kirby Crossroad Suite 248
Lindaborough, NY 26837",4
137,Corey,Henry,umason@example.com,812-386-8585x4387,"02951 Mary Forks
Paulton, NE 50627",4
138,Raymond,Mendez,erinpowell@example.com,001-625-651-8398x57427,"9081 Pierce Via Apt. 824
New Rachelborough, FL 38063",1
139,Joshua,Martin,wcarney@example.com,455.985.4196x0423,"286 Johnson Shore Apt. 353
Thompsonburgh, NH 22827",3
140,Valerie,Murray,ariel84@example.net,(828)658-9973x3024,"27456 Krause Camp Suite 133
East Kathleenview, OR 95995",3
141,Mary,Ellis,evanscott@example.org,473-864-2577x821,"250 Richard Via
East Bradmouth, MT 43627",4
142,Joseph,Brown,wandrade@example.com,001-847-806-9252x27671,"354 Jennifer Center Apt. 554
Zacharyfort, WV 22376",1
143,John,Wright,leah05@example.net,899.218.1391,"97230 Collins Park
Simmonsbury, NE 92715",3
144,Sara,Moreno,mccarthytracey@example.net,924.676.0581x99704,"410 Alexander Vista
North David, DE 52792",1
145,Mark,Medina,carteralexandra@example.com,001-214-382-9672x40337,"863 Li Knoll
Christinebury, NJ 07773",5
146,Kenneth,Mccullough,csingleton@example.net,001-556-200-5820x495,"8319 Turner Ville
South Clarence, VA 96015",3
147,Jacqueline,Frost,james62@example.com,688-492-3418x780,"532 King Rest Apt. 675
Christopherside, NV 88379",5
148,Annette,Hill,kjohnson@example.org,879-796-8980,"63582 Beth Loaf
Joneston, MD 04475",2
149,Cameron,Pruitt,yrodriguez@example.net,550-644-0619x9280,"64367 Benjamin Hill
Bakershire, NH 73547",2
150,Richard,Collins,trujillojennifer@example.com,839.579.7766x3041,"7210 Robert Glens Apt. 990
Peckport, MO 63593",3
151,Kaitlin,Carlson,jennifermorrison@example.org,(812)745-2697x7158,"5383 Massey Place Apt. 825
North Danielstad, IA 26438",1
152,William,Black,jvasquez@example.net,001-722-993-1441,"USCGC Ray
FPO AP 76674",5
153,Cory,Wilson,hannahhicks@example.com,(546)694-9305x979,"28429 Michael Greens
East Scott, CA 90194",5
154,Tyler,Arnold,stephanie15@example.org,310-463-6519x7837,"572 Eric Squares
Morrisstad, MA 01833",1
155,Patrick,Clements,sanchezsandra@example.org,001-955-384-4057x22959,"6000 James Park Suite 530
Michelefort, NM 64191",2
156,Brianna,Mueller,chenlacey@example.com,(937)821-9696x00887,"6322 Michelle Square Apt. 795
South Christophershire, PA 45800",2
157,Teresa,Cole,stronglinda@example.org,(608)285-4994x453,"88623 Montgomery Station
North Laurietown, MS 13082",4
158,Brittany,Cooke,msimmons@example.org,493-401-1078,"0006 Floyd Forge
Deborahshire, OH 08177",2
159,Karen,Wheeler,sjohnson@example.com,001-775-840-5631,"2221 Moran Bypass
Davisside, NM 17239",4
160,Matthew,Martinez,christina88@example.com,001-380-286-3754,"90352 Omar Islands
New Tammy, IL 02090",3
161,Michael,Shepherd,kaylagibson@example.net,+1-388-475-5417x56114,"92572 John Lake Suite 116
West Mariah, CA 07634",5
162,Dennis,Wilson,megan77@example.net,551-997-0577x238,"Unit 4062 Box 8629
DPO AA 53627",5
163,Theresa,Hampton,richard69@example.net,769-798-0225x7176,"3193 Pearson Landing
North Michael, WY 60441",2
164,Michael,Pugh,george35@example.com,(467)790-3902,"USS Marshall
FPO AE 54648",5
165,Jason,Patel,kristin55@example.org,707.612.6777,"206 Mary Lights Apt. 863
North Jose, SC 98725",4
166,Reginald,Robertson,christopher09@example.net,7269673226,"847 Rodriguez Inlet Suite 998
Keithstad, DC 03622",1
167,Ashley,Swanson,james41@example.org,001-281-447-7790x132,"251 Chandler Lakes Apt. 850
North Rogerstad, FL 00596",2
168,Leslie,Fisher,andersonamanda@example.net,339-663-7387x4090,"599 Lisa Mountain Apt. 884
Kaylamouth, AZ 42528",4
169,Benjamin,Rodriguez,ginalee@example.net,682.762.1644x5447,"61740 Taylor Flat Suite 480
Bennetthaven, NJ 84205",1
170,Nicholas,Mitchell,xschmidt@example.net,506.642.3946x7829,"959 Ward Summit Suite 373
North Brittanybury, PR 67384",2
171,Ronald,Cox,ljenkins@example.net,+1-230-878-8385x25357,"62194 Skinner Glens Apt. 569
Jamesstad, MT 68121",5
172,Jillian,Williams,deborahcarroll@example.net,603-800-7628,"7547 Timothy Divide
Port Timothyshire, ND 06176",1
173,Javier,Moore,danielle60@example.com,632-320-2758x87544,"70898 Martin Cliffs Apt. 424
Kellyberg, ND 55896",5
174,Sandra,Castro,morgankyle@example.com,254-654-1513,"4027 Bennett Light
Taylorside, NY 16040",4
175,Charles,Davis,andersonaaron@example.net,680.854.6245,"PSC 7659, Box 7221
APO AE 22919",5
176,Linda,Smith,deanna81@example.net,001-972-886-9806,"043 Hansen Branch Apt. 521
South Jack, CO 34041",3
177,Diana,Wood,jamesharris@example.com,+1-899-464-9661x11304,"USCGC Williams
FPO AE 60649",5
178,Ann,Barber,hsharp@example.net,8877720541,"663 Hughes Spring
Bellland, NE 04397",1
179,Christopher,Scott,gary30@example.org,2726943331,"876 Tom Run
Tylerside, ME 68911",5
180,Patricia,Hill,hayden56@example.org,001-361-967-2013,"281 Johnson Pike
Kevinburgh, DC 07760",4
181,Richard,Berry,omartinez@example.com,770-847-3214x66774,"341 Brown Centers
West Kevinborough, MA 46894",1
182,Jeremy,Adams,mramos@example.org,832.782.9753x82450,"28344 Berger Trail Apt. 310
Tonyaville, DC 31779",1
183,Christopher,Wheeler,jessica46@example.net,573.517.9785x4426,"PSC 8410, Box 9479
APO AE 62255",2
184,Jonathan,Sims,jandrews@example.org,6052167588,"05328 Alejandro Gardens Suite 689
Harriston, NM 63079",1
185,Kevin,Arias,boyledonald@example.net,530-632-6202x119,"764 May Overpass
New Hunterburgh, DE 40902",5
186,Ashley,James,zmarsh@example.org,(958)295-7839x27374,"921 Mueller Crossing
Lake Anthony, CO 76389",3
187,Corey,Smith,woodsdenise@example.com,+1-555-491-4450,"66988 Leach Corner Apt. 392
New Brent, VA 56080",1
188,Brooke,Smith,phillip44@example.org,(429)324-7598x83920,"44630 Cruz Tunnel Suite 814
Youngmouth, DE 97836",1
189,Thomas,Flores,kimberlyguerra@example.net,427-916-5362,"3616 Rodriguez Mount Suite 554
South Matthewville, NH 76301",4
190,Cynthia,Nelson,leejill@example.com,001-398-222-6730,"31064 Joseph Dale Apt. 735
South Clayton, TN 76056",1
191,Shelly,Yang,cmalone@example.com,789.244.1767,"731 Warren Shoals
Lake Alexa, PW 55173",5
192,Tyler,Williams,mmckinney@example.com,+1-231-615-2734x400,"94795 Shannon Lake
Marymouth, NC 90941",5
193,Toni,Andrade,anthonywatts@example.com,845.587.4762,"1271 Jessica Pass
West Angelastad, TN 23002",3
194,Pedro,Lee,justingarrison@example.com,894-382-3666,"970 James Key Apt. 260
Diazberg, NJ 70309",5
195,Mark,Lane,parrishjacqueline@example.com,+1-672-528-1373x646,"945 Mitchell Points
Lake Jonathanshire, OH 49297",4
196,Sarah,Reid,sstrickland@example.com,7706219891,"037 Carla Mission
Sanchezview, CA 37695",3
197,Sierra,Bowman,masonpaul@example.net,465-244-4384x1381,"61705 White Walk
West Mary, PR 83965",2
198,Yolanda,Campbell,qhayes@example.org,641.502.5860,"65712 Christina Inlet
West Christine, ME 98289",5
199,Kara,Taylor,clarkanthony@example.com,(330)710-9372x73819,"019 Anthony Meadows
Thomasview, MT 13760",5
200,Mercedes,Grant,xtyler@example.org,703.875.7107,"4020 Desiree Forges
Michellemouth, LA 55539",5
